elapsed_s,desired_replicas,ready_replicas,cpu_utilisation_pct
1,1,1,
6,1,1,5
11,1,1,5
16,1,1,5
21,1,1,5
26,1,1,5
32,1,1,5
37,1,1,5
42,1,1,5
47,1,1,5
52,1,1,5
57,1,1,5
63,1,1,45
68,1,1,45
73,1,1,45
78,1,1,64
83,1,1,64
88,1,1,64
93,1,1,64
99,1,1,64
104,1,1,64
109,2,1,104
114,2,2,104
119,2,2,104
124,2,2,104
129,2,2,104
135,2,2,104
140,3,2,177
145,3,3,177
150,3,3,177
155,3,3,140
160,3,3,140
166,3,3,140
171,3,3,121
176,3,3,121
181,3,3,121
186,3,3,116
191,3,3,116
196,3,3,118
202,3,3,118
207,3,3,118
212,3,3,122
217,3,3,122
222,3,3,122
228,3,3,120
233,3,3,120
238,3,3,120
243,3,3,116
248,3,3,116
253,3,3,116
259,3,3,116
264,3,3,116
269,3,3,116
274,3,3,121
279,3,3,121
284,3,3,121
290,3,3,113
295,3,3,113
300,3,3,113
305,3,3,87
310,3,3,87
315,3,3,87
321,3,3,46
326,3,3,46
331,3,3,46
336,3,3,25
341,3,3,25
346,3,3,25
351,3,3,27
357,3,3,27
362,3,3,28
367,3,3,28
372,3,3,28
377,3,3,28
382,3,3,28
387,3,3,28
393,3,3,29
398,3,3,29
403,3,3,29
408,3,3,30
413,3,3,30
418,3,3,30
