elapsed_s,requests
4,4
5,4
6,7
7,9
8,10
9,9
10,10
11,10
12,9
13,10
14,14
15,14
16,15
17,13
18,14
19,15
20,15
21,17
22,17
23,19
24,20
25,17
26,20
27,20
28,20
29,20
30,25
31,20
32,25
33,25
34,20
35,25
36,25
37,21
38,25
39,24
40,25
41,21
42,25
43,24
44,21
45,25
46,25
47,20
48,25
49,25
50,20
51,25
52,25
53,20
54,25
55,25
56,20
57,25
58,25
59,32
60,53
61,85
62,100
63,140
64,142
65,158
66,180
67,251
68,230
69,241
70,240
71,246
72,242
73,241
74,240
75,243
76,240
77,240
78,300
79,242
80,233
81,191
82,242
83,240
84,240
85,240
86,240
87,243
88,242
89,300
90,259
91,287
92,265
93,247
94,298
95,300
96,300
97,300
98,248
99,300
100,240
101,270
102,270
103,247
104,263
105,279
106,276
107,300
108,300
109,240
110,300
111,240
112,270
113,270
114,270
115,270
116,300
117,256
118,284
119,300
120,272
121,271
122,300
123,240
124,221
125,300
126,267
127,300
128,300
129,300
130,277
131,263
132,300
133,283
134,279
135,278
136,300
137,300
138,262
139,300
140,300
141,240
142,300
143,300
144,283
145,257
146,300
147,300
148,293
149,258
150,294
151,251
152,300
153,280
154,262
155,296
156,254
157,299
158,300
159,245
160,297
161,300
162,300
163,275
164,270
165,295
166,300
167,241
168,299
169,300
170,244
171,300
172,300
173,300
174,267
175,276
176,297
177,250
178,300
179,300
180,250
181,300
182,300
183,260
184,282
185,300
186,282
187,289
188,272
189,300
190,300
191,241
192,300
193,252
194,294
195,263
196,300
197,300
198,300
199,276
200,264
201,300
202,269
203,300
204,274
205,300
206,300
207,242
208,300
209,281
210,287
211,278
212,297
213,243
214,283
215,257
216,300
217,245
218,300
219,295
220,300
221,251
222,297
223,300
224,276
225,281
226,300
227,300
228,240
229,300
230,287
231,239
232,296
233,268
234,300
235,280
236,292
237,300
238,300
239,268
240,274
241,284
242,299
243,300
244,269
245,292
246,300
247,300
248,242
249,299
250,291
251,232
252,267
253,264
254,254
255,245
256,193
257,224
258,218
259,195
260,175
261,190
262,181
263,143
264,163
265,139
266,132
267,134
268,77
269,118
270,107
271,92
272,78
273,80
274,71
275,62
276,43
277,44
278,35
279,25
280,21
281,25
282,25
283,20
284,25
285,25
286,25
287,20
288,25
289,25
290,25
291,25
292,20
293,25
294,25
295,25
296,20
297,25
298,25
299,25
300,25
301,20
302,25
303,25
304,25
305,25
306,20
307,25
308,25
309,25
310,20
311,25
312,25
313,25
314,20
315,25
316,25
317,25
318,25
319,20
320,25
321,25
322,25
323,20
324,25
325,25
326,25
327,20
328,25
329,25
330,25
331,25
332,20
333,25
334,25
335,25
336,20
337,25
338,25
339,25
340,25
341,20
342,25
343,25
344,25
345,20
346,25
347,25
348,25
349,20
350,25
351,25
352,25
353,20
354,25
355,25
356,25
357,21
358,24
359,25
360,25
361,25
362,20
363,25
364,25
365,21
366,24
367,25
368,25
369,25
370,20
371,25
372,25
373,25
374,25
375,20
376,25
377,25
378,25
379,20
380,25
381,25
382,20
383,23
384,24
385,25
386,23
387,25
388,22
389,25
390,25
391,23
392,25
393,22
394,25
395,23
396,25
397,22
398,23
399,7
