elapsed_s,target_cpu,target_mem
10,50m,250Mi
20,50m,250Mi
30,50m,250Mi
40,50m,250Mi
50,50m,250Mi
60,50m,250Mi
70,50m,250Mi
80,50m,250Mi
90,50m,250Mi
100,50m,250Mi
110,50m,250Mi
120,50m,250Mi
130,50m,250Mi
140,50m,250Mi
150,50m,250Mi
160,50m,250Mi
170,50m,250Mi
180,50m,250Mi
190,50m,250Mi
200,50m,250Mi
210,50m,250Mi
220,50m,250Mi
230,50m,250Mi
240,50m,250Mi
250,50m,250Mi
260,50m,250Mi
270,50m,250Mi
280,50m,250Mi
290,50m,250Mi
300,50m,250Mi
310,50m,250Mi
320,50m,250Mi
330,50m,250Mi
340,50m,250Mi
350,50m,250Mi
360,50m,250Mi
370,50m,250Mi
380,50m,250Mi
390,50m,250Mi
400,50m,250Mi
410,50m,250Mi
420,50m,250Mi
